Workbook

Sheet Cost
A1: From | B1: Order Number | C1: Item | D1: Single Use | E1: Cost | F1: Qty | G1: Shipping | H1: Tax | I1: Total | J1: Single Use Total
A2: B&N | B2: STR:2925 REG:003 TRN: 1529 CSHR: Ty L | C2: Embedded Programming with the Microsoft .NET Micro Framework (Paperback) | E2: 40.49 | F2: 1 | H2: 2.73 | I2: =E2*F2+G2+H2 -> 43.22 | J2: =IF(D2,I2,0) -> 0 | L2: Total Expense | M2: =SUM(I:I) -> 130.04
A3: Amazon.Com | B3: 103-1419790-5257021 | C3: 9480WK Bredboard-Prototype Design Aid | E3: 34.95 | F3: 1 | G3: 9 | I3: =E3*F3+G3+H3 -> 43.95 | J3: =IF(D3,I3,0) -> 0 | L3: Non reusable Expense | M3: =SUM(J:J) -> 3.12
A4: Amazon.Com | B4: 103-1419790-5257021 | C4: SE1 Solder Ease Kit | E4: 2.95 | F4: 1 | I4: =E4*F4+G4+H4 -> 2.95 | J4: =IF(D4,I4,0) -> 0 | L4: Resusable Expense | M4: =M2-M3 -> 126.92
A5: SparkFun.Com | B5: 94583 | C5: PRT-08032 Audio Jack 3.5mm | E5: 1.5 | F5: 1 | G5: 11.9 | I5: =E5*F5+G5+H5 -> 13.4 | J5: =IF(D5,I5,0) -> 0
A6: SparkFun.Com | B6: 94583 | C6: BOB-08819 Breakout Board for VS1011E-L MP3 | E6: 19.95 | F6: 1 | I6: =E6*F6+G6+H6 -> 19.95 | J6: =IF(D6,I6,0) -> 0 | L6: Shipping Costs | M6: =SUM(G:G) -> 24.02
A7: SparkFun.Com | B7: 94583 | C7: PRT-00116 Break Away Headers - Straight | E7: 2.5 | F7: 1 | I7: =E7*F7+G7+H7 -> 2.5 | J7: =IF(D7,I7,0) -> 0 | L7: Taxes | M7: =SUM(H:H) -> 2.73
A8: SparkFun.Com | B8: 94583 | C8: PRT-08827 Audio Jack Breakout | E8: 0.95 | F8: 1 | I8: =E8*F8+G8+H8 -> 0.95 | J8: =IF(D8,I8,0) -> 0
A9: USPS | B9: TRN: 54 USPS: 381758-9559 | C9: Postage for "Affidavit_of_Eligibility" (First Class + Certified Mail) | D9: TRUE | G9: 3.12 | I9: =E9*F9+G9+H9 -> 3.12 | J9: =IF(D9,I9,0) -> 3.12

Sheet Hours
A1: Start | B1: End | C1: Note | D1: And TV | E1: Total Hours | F1: Focused Hours
A2: 39827.792 | B2: 39827.875 | C2: Read about .Net Micro Framework | D2: TRUE | E2: =ROUND((B2-A2)*24,2) -> 2 | F2: =IF(D2,E2*0.75,E2) -> 1.5
A3: 39828.833 | B3: 39828.875 | C3: Read about .Net Micro Framework | D3: TRUE | E3: =ROUND((B3-A3)*24,2) -> 1 | F3: =IF(D3,E3*0.75,E3) -> 0.75
A4: 39829.833 | B4: 39829.875 | C4: Read about .Net Micro Framework | E4: =ROUND((B4-A4)*24,2) -> 1 | F4: =IF(D4,E4*0.75,E4) -> 1
A5: 39830.375 | B5: 39830.583 | C5: Project Setup/Design Review | D5: TRUE | E5: =ROUND((B5-A5)*24,2) -> 5 | F5: =IF(D5,E5*0.75,E5) -> 3.75
A6: 39831.333 | B6: 39831.917 | C6: UPNP/Sockets/Multicast/HTTP | D6: TRUE | E6: =ROUND((B6-A6)*24,2) -> 14 | F6: =IF(D6,E6*0.75,E6) -> 10.5
A7: 39832.375 | B7: 39832.604 | C7: RSS/XML/MP3 Chip Selection/Update Reports | E7: =ROUND((B7-A7)*24,2) -> 5.5 | F7: =IF(D7,E7*0.75,E7) -> 5.5
A8: 39834.812 | B8: 39835.021 | C8: Weather/Traffic/Image/JPEG/HTTP | D8: TRUE | E8: =ROUND((B8-A8)*24,2) -> 5 | F8: =IF(D8,E8*0.75,E8) -> 3.75
A9: 39836.833 | B9: 39837.125 | C9: MPEG/SPI/Prototype | D9: TRUE | E9: =ROUND((B9-A9)*24,2) -> 7 | F9: =IF(D9,E9*0.75,E9) -> 5.25
A10: =B9 -> 39837.125 | B10: 39837.25 | C10: =C9 -> MPEG/SPI/Prototype | E10: =ROUND((B10-A10)*24,2) -> 3 | F10: =IF(D10,E10*0.75,E10) -> 3
A11: 39837.479 | B11: 39837.562 | C11: Readied IDC cables/Setup a carry kit | E11: =ROUND((B11-A11)*24,2) -> 2 | F11: =IF(D11,E11*0.75,E11) -> 2

Sheet Totals
A1: Total Expense | B1: =SUM(Cost!I:I) -> 130.04
A2: Non reusable Expense | B2: =SUM(Cost!J:J) -> 3.12
A3: Resusable Expense | B3: =B1-B2 -> 126.92
A5: Shipping Costs | B5: =SUM(Cost!G:G) -> 24.02
A6: Taxes | B6: =SUM(Cost!H:H) -> 2.73
A8: Total Hours | B8: =SUM(Hours!E:E) -> 45.5
A9: Focused Hours | B9: =SUM(Hours!F:F) -> 37
